{"cameraMode":{"drawMode":0,"name":"Shaded","section":"Shading Mode"},"sceneLighting":true,"audioPlay":false,"sceneViewState":{"showFog":true,"showMaterialUpdate":true,"showSkybox":true,"showFlares":true,"showImageEffects":true,"showParticleSystems":true},"in2DMode":false,"pivot":{"x":4.0594072341918949,"y":1.5556745529174805,"z":-3.4907047748565676},"rotation":{"x":-0.13631165027618409,"y":-0.20584766566753388,"z":0.028969164937734605,"w":-0.9686189293861389},"size":3.900017023086548,"orthographic":false}